--
-- PostgreSQL database dump
--

-- Dumped from database version 16.1
-- Dumped by pg_dump version 16.1

SET statement_timeout = 0;
SET lock_timeout = 0;
SET idle_in_transaction_session_timeout = 0;
SET client_encoding = 'UTF8';
SET standard_conforming_strings = on;
SELECT pg_catalog.set_config('search_path', '', false);
SET check_function_bodies = false;
SET xmloption = content;
SET client_min_messages = warning;
SET row_security = off;

--
-- Name: assignment_type; Type: TYPE; Schema: public; Owner: postgres
--

CREATE TYPE public.assignment_type AS ENUM (
    'Test',
    'Homework',
    'Check',
    'Framework'
);


ALTER TYPE public.assignment_type OWNER TO postgres;

--
-- Name: semester; Type: TYPE; Schema: public; Owner: postgres
--

CREATE TYPE public.semester AS ENUM (
    'FirstSemester',
    'SecondSemester'
);


ALTER TYPE public.semester OWNER TO postgres;

--
-- Name: type; Type: TYPE; Schema: public; Owner: postgres
--

CREATE TYPE public.type AS ENUM (
    'test',
    'homework',
    'check',
    'framework'
);


ALTER TYPE public.type OWNER TO postgres;

--
-- Name: CAST (public.assignment_type AS text); Type: CAST; Schema: -; Owner: -
--

CREATE CAST (public.assignment_type AS text) WITH INOUT AS IMPLICIT;


SET default_tablespace = '';

SET default_table_access_method = heap;

--
-- Name: AspNetRoleClaims; Type: TABLE; Schema: public; Owner: postgres
--

CREATE TABLE public."AspNetRoleClaims" (
    "Id" integer NOT NULL,
    "RoleId" text NOT NULL,
    "ClaimType" text,
    "ClaimValue" text
);


ALTER TABLE public."AspNetRoleClaims" OWNER TO postgres;

--
-- Name: AspNetRoleClaims_Id_seq; Type: SEQUENCE; Schema: public; Owner: postgres
--

ALTER TABLE public."AspNetRoleClaims" ALTER COLUMN "Id" ADD GENERATED BY DEFAULT AS IDENTITY (
    SEQUENCE NAME public."AspNetRoleClaims_Id_seq"
    START WITH 1
    INCREMENT BY 1
    NO MINVALUE
    NO MAXVALUE
    CACHE 1
);


--
-- Name: AspNetRoles; Type: TABLE; Schema: public; Owner: postgres
--

CREATE TABLE public."AspNetRoles" (
    "Id" text NOT NULL,
    "Name" character varying(256),
    "NormalizedName" character varying(256),
    "ConcurrencyStamp" text
);


ALTER TABLE public."AspNetRoles" OWNER TO postgres;

--
-- Name: AspNetUserClaims; Type: TABLE; Schema: public; Owner: postgres
--

CREATE TABLE public."AspNetUserClaims" (
    "Id" integer NOT NULL,
    "UserId" text NOT NULL,
    "ClaimType" text,
    "ClaimValue" text
);


ALTER TABLE public."AspNetUserClaims" OWNER TO postgres;

--
-- Name: AspNetUserClaims_Id_seq; Type: SEQUENCE; Schema: public; Owner: postgres
--

ALTER TABLE public."AspNetUserClaims" ALTER COLUMN "Id" ADD GENERATED BY DEFAULT AS IDENTITY (
    SEQUENCE NAME public."AspNetUserClaims_Id_seq"
    START WITH 1
    INCREMENT BY 1
    NO MINVALUE
    NO MAXVALUE
    CACHE 1
);


--
-- Name: AspNetUserLogins; Type: TABLE; Schema: public; Owner: postgres
--

CREATE TABLE public."AspNetUserLogins" (
    "LoginProvider" text NOT NULL,
    "ProviderKey" text NOT NULL,
    "ProviderDisplayName" text,
    "UserId" text NOT NULL
);


ALTER TABLE public."AspNetUserLogins" OWNER TO postgres;

--
-- Name: AspNetUserRoles; Type: TABLE; Schema: public; Owner: postgres
--

CREATE TABLE public."AspNetUserRoles" (
    "UserId" text NOT NULL,
    "RoleId" text NOT NULL
);


ALTER TABLE public."AspNetUserRoles" OWNER TO postgres;

--
-- Name: AspNetUserTokens; Type: TABLE; Schema: public; Owner: postgres
--

CREATE TABLE public."AspNetUserTokens" (
    "UserId" text NOT NULL,
    "LoginProvider" text NOT NULL,
    "Name" text NOT NULL,
    "Value" text
);


ALTER TABLE public."AspNetUserTokens" OWNER TO postgres;

--
-- Name: AspNetUsers; Type: TABLE; Schema: public; Owner: postgres
--

CREATE TABLE public."AspNetUsers" (
    "Id" text NOT NULL,
    "UserName" character varying(256),
    "NormalizedUserName" character varying(256),
    "Email" character varying(256),
    "NormalizedEmail" character varying(256),
    "EmailConfirmed" boolean NOT NULL,
    "PasswordHash" text,
    "SecurityStamp" text,
    "ConcurrencyStamp" text,
    "PhoneNumber" text,
    "PhoneNumberConfirmed" boolean NOT NULL,
    "TwoFactorEnabled" boolean NOT NULL,
    "LockoutEnd" timestamp with time zone,
    "LockoutEnabled" boolean NOT NULL,
    "AccessFailedCount" integer NOT NULL
);


ALTER TABLE public."AspNetUsers" OWNER TO postgres;

--
-- Name: __EFMigrationsHistory; Type: TABLE; Schema: public; Owner: postgres
--

CREATE TABLE public."__EFMigrationsHistory" (
    "MigrationId" character varying(150) NOT NULL,
    "ProductVersion" character varying(32) NOT NULL
);


ALTER TABLE public."__EFMigrationsHistory" OWNER TO postgres;

--
-- Name: assignment; Type: TABLE; Schema: public; Owner: postgres
--

CREATE TABLE public.assignment (
    assignment_pk integer NOT NULL,
    creation_date date NOT NULL,
    reachable_points integer DEFAULT 0 NOT NULL,
    subject_fk integer,
    assignment_type text,
    semester text
);


ALTER TABLE public.assignment OWNER TO postgres;

--
-- Name: class_table; Type: TABLE; Schema: public; Owner: postgres
--

CREATE TABLE public.class_table (
    pk_class integer NOT NULL,
    name character varying(255) NOT NULL,
    year date
);


ALTER TABLE public.class_table OWNER TO postgres;

--
-- Name: class_teacher; Type: TABLE; Schema: public; Owner: postgres
--

CREATE TABLE public.class_teacher (
    class_teacher_pk integer NOT NULL,
    teacher_fk integer,
    class_fk integer
);


ALTER TABLE public.class_teacher OWNER TO postgres;

--
-- Name: student; Type: TABLE; Schema: public; Owner: postgres
--

CREATE TABLE public.student (
    pk_student integer NOT NULL,
    name character varying(255) NOT NULL,
    fk_class integer
);


ALTER TABLE public.student OWNER TO postgres;

--
-- Name: student_assignment; Type: TABLE; Schema: public; Owner: postgres
--

CREATE TABLE public.student_assignment (
    student_assignment_pk integer NOT NULL,
    student_fk integer,
    assignment_fk integer,
    points integer
);


ALTER TABLE public.student_assignment OWNER TO postgres;

--
-- Name: subject; Type: TABLE; Schema: public; Owner: postgres
--

CREATE TABLE public.subject (
    pk_subject integer NOT NULL,
    name character varying(255),
    class_fk integer
);


ALTER TABLE public.subject OWNER TO postgres;

--
-- Name: teachers; Type: TABLE; Schema: public; Owner: postgres
--

CREATE TABLE public.teachers (
    teacher_pk integer NOT NULL,
    email character varying(255) NOT NULL,
    first_title character varying(255),
    last_title character varying(255),
    password character varying(255) NOT NULL,
    "Id" integer DEFAULT 0 NOT NULL,
    "userName" character varying,
    "NormalizedEmail" character varying(256),
    teacher_fk integer
);


ALTER TABLE public.teachers OWNER TO postgres;

--
-- Data for Name: AspNetRoleClaims; Type: TABLE DATA; Schema: public; Owner: postgres
--

COPY public."AspNetRoleClaims" ("Id", "RoleId", "ClaimType", "ClaimValue") FROM stdin;
\.


--
-- Data for Name: AspNetRoles; Type: TABLE DATA; Schema: public; Owner: postgres
--

COPY public."AspNetRoles" ("Id", "Name", "NormalizedName", "ConcurrencyStamp") FROM stdin;
\.


--
-- Data for Name: AspNetUserClaims; Type: TABLE DATA; Schema: public; Owner: postgres
--

COPY public."AspNetUserClaims" ("Id", "UserId", "ClaimType", "ClaimValue") FROM stdin;
\.


--
-- Data for Name: AspNetUserLogins; Type: TABLE DATA; Schema: public; Owner: postgres
--

COPY public."AspNetUserLogins" ("LoginProvider", "ProviderKey", "ProviderDisplayName", "UserId") FROM stdin;
\.


--
-- Data for Name: AspNetUserRoles; Type: TABLE DATA; Schema: public; Owner: postgres
--

COPY public."AspNetUserRoles" ("UserId", "RoleId") FROM stdin;
\.


--
-- Data for Name: AspNetUserTokens; Type: TABLE DATA; Schema: public; Owner: postgres
--

COPY public."AspNetUserTokens" ("UserId", "LoginProvider", "Name", "Value") FROM stdin;
\.


--
-- Data for Name: AspNetUsers; Type: TABLE DATA; Schema: public; Owner: postgres
--

COPY public."AspNetUsers" ("Id", "UserName", "NormalizedUserName", "Email", "NormalizedEmail", "EmailConfirmed", "PasswordHash", "SecurityStamp", "ConcurrencyStamp", "PhoneNumber", "PhoneNumberConfirmed", "TwoFactorEnabled", "LockoutEnd", "LockoutEnabled", "AccessFailedCount") FROM stdin;
7fadb89f-2e68-4103-97cb-2aff6596af48	Vinzent Schmid	VINZENT@TEST.AT	vinzent@test.at	VINZENT@TEST.AT	f	AQAAAAIAAYagAAAAEDo3nhvfZqBB5SzH/Q7K3d/30kliWEF06Q46Tg9xgK2yZWU+aC2JS22Em6XmOqrp8A==	LX6R3WFCC43SOOQFRKTVP2F77WEO2PQA	38e25b65-a69b-481f-b928-552fc40cd11a	\N	f	f	\N	t	0
a9b6af87-797d-45a9-a595-72cc5bc9fa12	test@test.at	TEST@TEST.AT	test@test.at	TEST@TEST.AT	f	AQAAAAIAAYagAAAAEBeWTsy7wbxIMCuJYajdL440QCLsOIM4D0BWiTcNKxfUC2hpZcx3UeFNqp9Z/m0M2g==	4MKHUTRJ5M3Y2PUWKWPGBWVKIWDI3WVL	61d7c6bb-1240-4d5d-a27c-4ed6d069a191	\N	f	f	\N	t	0
\.


--
-- Data for Name: __EFMigrationsHistory; Type: TABLE DATA; Schema: public; Owner: postgres
--

COPY public."__EFMigrationsHistory" ("MigrationId", "ProductVersion") FROM stdin;
20240107002246_InitalMigration	8.0.0
\.


--
-- Data for Name: assignment; Type: TABLE DATA; Schema: public; Owner: postgres
--

COPY public.assignment (assignment_pk, creation_date, reachable_points, subject_fk, assignment_type, semester) FROM stdin;
1	2024-01-06	100	1	Test	SecondSemester
2	2024-01-06	100	2	Test	SecondSemester
3	2024-01-16	50	2	Test	SecondSemester
4	2024-01-20	25	1	Check	SecondSemester
\.


--
-- Data for Name: class_table; Type: TABLE DATA; Schema: public; Owner: postgres
--

COPY public.class_table (pk_class, name, year) FROM stdin;
1	1A	2023-12-16
2	2A	2022-12-17
\.


--
-- Data for Name: class_teacher; Type: TABLE DATA; Schema: public; Owner: postgres
--

COPY public.class_teacher (class_teacher_pk, teacher_fk, class_fk) FROM stdin;
\.


--
-- Data for Name: student; Type: TABLE DATA; Schema: public; Owner: postgres
--

COPY public.student (pk_student, name, fk_class) FROM stdin;
1	John Doe	1
2	Max Mustermann	2
3	Test Testermann	1
4	Jakob	1
\.


--
-- Data for Name: student_assignment; Type: TABLE DATA; Schema: public; Owner: postgres
--

COPY public.student_assignment (student_assignment_pk, student_fk, assignment_fk, points) FROM stdin;
2	2	1	0
5	1	2	0
7	3	2	0
8	4	2	0
3	3	1	20
4	4	1	30
1	1	1	90
9	1	3	0
10	2	3	0
11	3	3	0
12	4	3	0
6	2	2	535
13	1	4	0
14	2	4	0
15	3	4	0
16	4	4	0
\.


--
-- Data for Name: subject; Type: TABLE DATA; Schema: public; Owner: postgres
--

COPY public.subject (pk_subject, name, class_fk) FROM stdin;
1	Englisch	1
2	Math	2
3	Deutsch	1
\.


--
-- Data for Name: teachers; Type: TABLE DATA; Schema: public; Owner: postgres
--

COPY public.teachers (teacher_pk, email, first_title, last_title, password, "Id", "userName", "NormalizedEmail", teacher_fk) FROM stdin;
\.


--
-- Name: AspNetRoleClaims_Id_seq; Type: SEQUENCE SET; Schema: public; Owner: postgres
--

SELECT pg_catalog.setval('public."AspNetRoleClaims_Id_seq"', 1, false);


--
-- Name: AspNetUserClaims_Id_seq; Type: SEQUENCE SET; Schema: public; Owner: postgres
--

SELECT pg_catalog.setval('public."AspNetUserClaims_Id_seq"', 1, false);


--
-- Name: AspNetRoleClaims PK_AspNetRoleClaims; Type: CONSTRAINT; Schema: public; Owner: postgres
--

ALTER TABLE ONLY public."AspNetRoleClaims"
    ADD CONSTRAINT "PK_AspNetRoleClaims" PRIMARY KEY ("Id");


--
-- Name: AspNetRoles PK_AspNetRoles; Type: CONSTRAINT; Schema: public; Owner: postgres
--

ALTER TABLE ONLY public."AspNetRoles"
    ADD CONSTRAINT "PK_AspNetRoles" PRIMARY KEY ("Id");


--
-- Name: AspNetUserClaims PK_AspNetUserClaims; Type: CONSTRAINT; Schema: public; Owner: postgres
--

ALTER TABLE ONLY public."AspNetUserClaims"
    ADD CONSTRAINT "PK_AspNetUserClaims" PRIMARY KEY ("Id");


--
-- Name: AspNetUserLogins PK_AspNetUserLogins; Type: CONSTRAINT; Schema: public; Owner: postgres
--

ALTER TABLE ONLY public."AspNetUserLogins"
    ADD CONSTRAINT "PK_AspNetUserLogins" PRIMARY KEY ("LoginProvider", "ProviderKey");


--
-- Name: AspNetUserRoles PK_AspNetUserRoles; Type: CONSTRAINT; Schema: public; Owner: postgres
--

ALTER TABLE ONLY public."AspNetUserRoles"
    ADD CONSTRAINT "PK_AspNetUserRoles" PRIMARY KEY ("UserId", "RoleId");


--
-- Name: AspNetUserTokens PK_AspNetUserTokens; Type: CONSTRAINT; Schema: public; Owner: postgres
--

ALTER TABLE ONLY public."AspNetUserTokens"
    ADD CONSTRAINT "PK_AspNetUserTokens" PRIMARY KEY ("UserId", "LoginProvider", "Name");


--
-- Name: AspNetUsers PK_AspNetUsers; Type: CONSTRAINT; Schema: public; Owner: postgres
--

ALTER TABLE ONLY public."AspNetUsers"
    ADD CONSTRAINT "PK_AspNetUsers" PRIMARY KEY ("Id");


--
-- Name: __EFMigrationsHistory PK___EFMigrationsHistory; Type: CONSTRAINT; Schema: public; Owner: postgres
--

ALTER TABLE ONLY public."__EFMigrationsHistory"
    ADD CONSTRAINT "PK___EFMigrationsHistory" PRIMARY KEY ("MigrationId");


--
-- Name: assignment assignment_pk; Type: CONSTRAINT; Schema: public; Owner: postgres
--

ALTER TABLE ONLY public.assignment
    ADD CONSTRAINT assignment_pk PRIMARY KEY (assignment_pk);


--
-- Name: class_table class_pk; Type: CONSTRAINT; Schema: public; Owner: postgres
--

ALTER TABLE ONLY public.class_table
    ADD CONSTRAINT class_pk PRIMARY KEY (pk_class);


--
-- Name: class_teacher class_teacher_pk; Type: CONSTRAINT; Schema: public; Owner: postgres
--

ALTER TABLE ONLY public.class_teacher
    ADD CONSTRAINT class_teacher_pk PRIMARY KEY (class_teacher_pk);


--
-- Name: student_assignment student_assignment_pk; Type: CONSTRAINT; Schema: public; Owner: postgres
--

ALTER TABLE ONLY public.student_assignment
    ADD CONSTRAINT student_assignment_pk PRIMARY KEY (student_assignment_pk);


--
-- Name: student student_pk; Type: CONSTRAINT; Schema: public; Owner: postgres
--

ALTER TABLE ONLY public.student
    ADD CONSTRAINT student_pk PRIMARY KEY (pk_student);


--
-- Name: subject subject_pk; Type: CONSTRAINT; Schema: public; Owner: postgres
--

ALTER TABLE ONLY public.subject
    ADD CONSTRAINT subject_pk PRIMARY KEY (pk_subject);


--
-- Name: teachers teacher_pk; Type: CONSTRAINT; Schema: public; Owner: postgres
--

ALTER TABLE ONLY public.teachers
    ADD CONSTRAINT teacher_pk PRIMARY KEY (teacher_pk);


--
-- Name: EmailIndex; Type: INDEX; Schema: public; Owner: postgres
--

CREATE INDEX "EmailIndex" ON public.teachers USING btree ("NormalizedEmail");


--
-- Name: IX_AspNetRoleClaims_RoleId; Type: INDEX; Schema: public; Owner: postgres
--

CREATE INDEX "IX_AspNetRoleClaims_RoleId" ON public."AspNetRoleClaims" USING btree ("RoleId");


--
-- Name: IX_AspNetUserClaims_UserId; Type: INDEX; Schema: public; Owner: postgres
--

CREATE INDEX "IX_AspNetUserClaims_UserId" ON public."AspNetUserClaims" USING btree ("UserId");


--
-- Name: IX_AspNetUserLogins_UserId; Type: INDEX; Schema: public; Owner: postgres
--

CREATE INDEX "IX_AspNetUserLogins_UserId" ON public."AspNetUserLogins" USING btree ("UserId");


--
-- Name: IX_AspNetUserRoles_RoleId; Type: INDEX; Schema: public; Owner: postgres
--

CREATE INDEX "IX_AspNetUserRoles_RoleId" ON public."AspNetUserRoles" USING btree ("RoleId");


--
-- Name: RoleNameIndex; Type: INDEX; Schema: public; Owner: postgres
--

CREATE UNIQUE INDEX "RoleNameIndex" ON public."AspNetRoles" USING btree ("NormalizedName");


--
-- Name: UserNameIndex; Type: INDEX; Schema: public; Owner: postgres
--

CREATE UNIQUE INDEX "UserNameIndex" ON public."AspNetUsers" USING btree ("NormalizedUserName");


--
-- Name: AspNetRoleClaims FK_AspNetRoleClaims_AspNetRoles_RoleId; Type: FK CONSTRAINT; Schema: public; Owner: postgres
--

ALTER TABLE ONLY public."AspNetRoleClaims"
    ADD CONSTRAINT "FK_AspNetRoleClaims_AspNetRoles_RoleId" FOREIGN KEY ("RoleId") REFERENCES public."AspNetRoles"("Id") ON DELETE CASCADE;


--
-- Name: AspNetUserClaims FK_AspNetUserClaims_AspNetUsers_UserId; Type: FK CONSTRAINT; Schema: public; Owner: postgres
--

ALTER TABLE ONLY public."AspNetUserClaims"
    ADD CONSTRAINT "FK_AspNetUserClaims_AspNetUsers_UserId" FOREIGN KEY ("UserId") REFERENCES public."AspNetUsers"("Id") ON DELETE CASCADE;


--
-- Name: AspNetUserLogins FK_AspNetUserLogins_AspNetUsers_UserId; Type: FK CONSTRAINT; Schema: public; Owner: postgres
--

ALTER TABLE ONLY public."AspNetUserLogins"
    ADD CONSTRAINT "FK_AspNetUserLogins_AspNetUsers_UserId" FOREIGN KEY ("UserId") REFERENCES public."AspNetUsers"("Id") ON DELETE CASCADE;


--
-- Name: AspNetUserRoles FK_AspNetUserRoles_AspNetRoles_RoleId; Type: FK CONSTRAINT; Schema: public; Owner: postgres
--

ALTER TABLE ONLY public."AspNetUserRoles"
    ADD CONSTRAINT "FK_AspNetUserRoles_AspNetRoles_RoleId" FOREIGN KEY ("RoleId") REFERENCES public."AspNetRoles"("Id") ON DELETE CASCADE;


--
-- Name: AspNetUserRoles FK_AspNetUserRoles_AspNetUsers_UserId; Type: FK CONSTRAINT; Schema: public; Owner: postgres
--

ALTER TABLE ONLY public."AspNetUserRoles"
    ADD CONSTRAINT "FK_AspNetUserRoles_AspNetUsers_UserId" FOREIGN KEY ("UserId") REFERENCES public."AspNetUsers"("Id") ON DELETE CASCADE;


--
-- Name: AspNetUserTokens FK_AspNetUserTokens_AspNetUsers_UserId; Type: FK CONSTRAINT; Schema: public; Owner: postgres
--

ALTER TABLE ONLY public."AspNetUserTokens"
    ADD CONSTRAINT "FK_AspNetUserTokens_AspNetUsers_UserId" FOREIGN KEY ("UserId") REFERENCES public."AspNetUsers"("Id") ON DELETE CASCADE;


--
-- Name: student_assignment assignment_fk; Type: FK CONSTRAINT; Schema: public; Owner: postgres
--

ALTER TABLE ONLY public.student_assignment
    ADD CONSTRAINT assignment_fk FOREIGN KEY (assignment_fk) REFERENCES public.assignment(assignment_pk);


--
-- Name: student class_fk; Type: FK CONSTRAINT; Schema: public; Owner: postgres
--

ALTER TABLE ONLY public.student
    ADD CONSTRAINT class_fk FOREIGN KEY (fk_class) REFERENCES public.class_table(pk_class);


--
-- Name: subject class_fk; Type: FK CONSTRAINT; Schema: public; Owner: postgres
--

ALTER TABLE ONLY public.subject
    ADD CONSTRAINT class_fk FOREIGN KEY (class_fk) REFERENCES public.class_table(pk_class);


--
-- Name: class_teacher class_fk; Type: FK CONSTRAINT; Schema: public; Owner: postgres
--

ALTER TABLE ONLY public.class_teacher
    ADD CONSTRAINT class_fk FOREIGN KEY (class_fk) REFERENCES public.class_table(pk_class);


--
-- Name: student_assignment student_fk; Type: FK CONSTRAINT; Schema: public; Owner: postgres
--

ALTER TABLE ONLY public.student_assignment
    ADD CONSTRAINT student_fk FOREIGN KEY (student_fk) REFERENCES public.student(pk_student);


--
-- Name: assignment subject_fk; Type: FK CONSTRAINT; Schema: public; Owner: postgres
--

ALTER TABLE ONLY public.assignment
    ADD CONSTRAINT subject_fk FOREIGN KEY (subject_fk) REFERENCES public.subject(pk_subject);


--
-- Name: teachers teacher_fk; Type: FK CONSTRAINT; Schema: public; Owner: postgres
--

ALTER TABLE ONLY public.teachers
    ADD CONSTRAINT teacher_fk FOREIGN KEY (teacher_fk) REFERENCES public.teachers(teacher_pk);


--
-- Name: class_teacher teacher_fk; Type: FK CONSTRAINT; Schema: public; Owner: postgres
--

ALTER TABLE ONLY public.class_teacher
    ADD CONSTRAINT teacher_fk FOREIGN KEY (teacher_fk) REFERENCES public.teachers(teacher_pk);


--
-- PostgreSQL database dump complete
--

